{"cameraMode":{"drawMode":0,"name":"Shaded","section":"Shading Mode"},"sceneLighting":true,"audioPlay":false,"sceneViewState":{"showFog":true,"showMaterialUpdate":true,"showSkybox":true,"showFlares":true,"showImageEffects":true,"showParticleSystems":true},"in2DMode":false,"pivot":{"x":-1.5566177368164063,"y":-2.0459251403808595,"z":18.461166381835939},"rotation":{"x":-0.35748612880706789,"y":-0.05873832106590271,"z":0.022703003138303758,"w":-0.9318953156471252},"size":38.45661163330078,"orthographic":false}